Note,Civico,Indirizzo,Frazione/Località,Comune,Cap,Insegna,Numero,Categorie
"generi misti, bar - ristorante",30,Via del Lagorai,Piscine di Sover,Sover,38068,BAZZANELLA RENATA,1,"['BAR', 'RISTORANTE']"
esercizio commerciale,48,Corso Ausugum,,Borgo Valsugana,38051,CONFEZIONI MONTIBELLER S.R.L.,2,[]
"esercizio commerciale, attività artigianale",8,Largo Dordi,,Borgo Valsugana,38051,FOTOGRAFICA TRINTINAGLIA UMBERTO S.N.C.,3,[]
esercizio commerciale,24,,Serafini,Grigno,38055,BAR SERAFINI DI MINATI RENZO,4,['BAR']
,35,Via S. Francesco,,Riva del Garda,38066,SEMBENINI GINO & FIGLI S.R.L.,6,[]
,29,Via Nazionale,Nave San Felice,Lavis,38015,HOTEL RISTORANTE PIZZERIA “ALLA NAVE”,7,"['RISTORANTE', 'HOTEL', 'PIZZERIA']"
,33,Via Roma,,Lavis,38015,OBRELLI GIOIELLERIA DAL 1929 S.R.L.,8,[]
,13,Via Roma,,Lavis,38015,MACELLERIE TROIER S.A.S. DI TROIER DARIO E C.,9,[]
esercizio commerciale,5,Piazza Manci,,Lavis,38015,NARDELLI TIZIANO,10,[]
,37,Via Matteotti,,Lavis,38015,PASTICCERIA SILVANO DI ANDREOLLI SILVANO& C.,11,[]
esercizio commerciale,1,Piazza Manci,,Lavis,38015,LONA S.N.C. DI LONA ROBERTO & C.,13,[]
,59,Via Matteotti,,Lavis,38015,GADOTTI CALZATURE DI GADOTTI MARCO,14,['CALZATURE']
,4,Piazza Cesare Battisti,,Lavis,38015,BAR LEON D’ORO DI DELLAI LORENA,15,['BAR']
,1,Via Filzi,,Lavis,38015,TURCO CALZATURE DI TURCO CORRADO,16,['CALZATURE']
,1,Via Filzi,,Lavis,38015,FARMACIA ROMANI DOTT. ALBERTO ERRIGO & C. S.N.C.,17,['FARMACIA']
,,Piazza Giovanni della Croce,Pressano,Lavis,38015,FAMIGLIA COOPERATIVA MEZZOLOMBARDO E PRESSANO SOC. COOP.,18,['BAR']
,22,Viale San Francesco,,Riva del Garda,38066,CONFEZIONI DANTI DI PELKAN WILMA & C. S.A.S.,19,[]
attività artigianale,32,Via Pennella,,Pergine Valsugana,38057,DELUGAN GUIDO E GINO S.N.C.,20,[]
,27,Piazza Prati,,Cavareno,38011,FRUTTA E VERDURA SPRINGHETTI GILBERTO,21,[]
,2,Via Moscabio,,Cavareno,38011,LARCHER SPORT,22,['SPORT']
,21,Piazza Prati,,Cavareno,38011,BAR GELATERIA EREDI CAVALLAR DOMENICO,23,['BAR']
,43,Via Roma,,Cavareno,38011,EDICOLA TABACCHI GENETTI ANNAMARIA,24,['TABACCHI']
,12,Piazza Prati,,Cavareno,38011,MERCERIE CATTARINI TIZIANA,25,[]
,49,Via Roma,,Cavareno,38011,ZANI FABIO S.A.S. FERRAMENTA,26,['FERRAMENTA']
,19,Via Moscabio,,Cavareno,38011,LATTERIA SOCIALE CAVARENO,27,[]
,10,Piazza Municipio,,Pergine Valsugana,38057,RISTORANTE AL VOLT DI LABRIOLA MICHELANGELO,28,['RISTORANTE']
,2,Piazza Manci,,Lavis,38015,RISTORANTE PIZZERIA NUOVO CORONA DI PALMIERI TOMMASO,29,"['RISTORANTE', 'PIZZERIA']"
,6,Piazza Manci,,Lavis,38015,BAR ALBERGO CORONA S.N.C. DI PRONER RICCARDA & C.,30,"['BAR', 'ALBERGO']"
esercizio commerciale,47,Via Clementi,,Lavis,38015,SARTORI GIUSEPPE & C. S.N.C. ,31,[]
,10,Vicolo del Messaggero,,Rovereto,38068,TORREFAZIONE CAFFE’ BONTADI,33,[]
, 50/A,Via Tartarotti,,Rovereto,38068,COLORIFICIO LUCIANO CARESIA DI DANIELA CARESIA,34,[]
,10,Via Mazzini,,Rovereto,38068,FARMACIA COBELLI,35,['FARMACIA']
, 5/6,Piazza Manifattura,,Rovereto,38068,BAR MANIFATTURA,36,['BAR']
,9,Piazza del Podestà,,Rovereto,38068,BAR DUE COLONNE,37,['BAR']
,5,Largo S. Floriano,,Rovereto,38068,"PANIFICIO COLLER S.N.C. DI COLLER CLAUDIO, ANDREA & C.",39,['PANIFICIO']
,39,Via Rialto,,Rovereto,38068,CAPPELLERIA BACCA,40,[]
,17,Via Paganini,,Rovereto,38068,BAR-TRATTORIA BELLAVISTA,41,['BAR']
, 16/18,Via Mercerie,,Rovereto,38068,DROGHERIA MICHELI,42,[]
esercizio commerciale,32,Via Rialto,,Rovereto,38068,LAZZERI,43,[]
,7,Via Valbusa Grande,,Rovereto,38068,LOCOS BAR,44,['BAR']
,17,Piazza Erbe,,Rovereto,38068,FARMACIA S. MARCO,45,['FARMACIA']
,32,Piazza C. Battisti,,Rovereto,38068,B. SALVETTI FABBRICA OMBRELLI MERCERIE E MANIFATTURE,46,[]
,47,Via Roma,,Rovereto,38068,MANIFATTURE ZOCCHE LUIGI,47,[]
ristorante bar,3,Viale della Serraia,,Baselga di Piné,38042,RISTORANTE BAR ALBERGO SERRAIA,48,"['BAR', 'RISTORANTE', 'ALBERGO']"
,3,Corso Roma,,Baselga di Piné,38042,BAR TAVOLA CALDA PIZZERIA ALPINO,49,"['BAR', 'PIZZERIA']"
ristorante bar,21,Via del Fosch,,Baselga di Piné,38042,RISTORANTE BAR ALBERGO VILLA ANITA,50,"['BAR', 'RISTORANTE', 'ALBERGO']"
ristorante bar,1,Via Domenica Targa,Montagnaga,Baselga di Piné,38042,RISTORANTE BAR CA’ DEI BOCI,51,"['BAR', 'RISTORANTE']"
ristorante bar,1,Via Domenica Targa,Montagnaga,Baselga di Piné,38042,HOTEL BELVEDERE WELLNESS & FAMILY,52,"['BAR', 'RISTORANTE', 'HOTEL']"
,61,Corso Roma,,Baselga di Piné,38042,BAR PASTI VELOCI GELATERIA PASTICCERIA PINETANA,53,['BAR']
,11,Via Marconi,,Baselga di Piné,38042,SEGHERIA E LEGNAMI DI SIGHEL RENZO,54,[]
,49,Via Cesare Battisti,,Baselga di Piné,38042,MACELLERIA SIGHEL SRL,55,['MACELLERIA']
,24,Via 4 Novembre,Montagnaga,Baselga di Piné,38042,"FAMIGLIA COOPERATIVA ALTOPIANO DI PINE’ SCARL, PUNTO VENDITA",56,[]
,9,Via Roma,,Baselga di Piné,38042,"FAMIGLIA COOPERATIVA ALTOPIANO DI PINE’ SCARL, PUNTO VENDITA",57,[]
, 6/3,Via della Chiesa,Miola,Baselga di Piné,38042,"FAMIGLIA COOPERATIVA ALTOPIANO DI PINE’ SCARL, PUNTO VENDITA",58,[]
,54,Via dei Piani,Faida,Baselga di Piné,38042,"FAMIGLIA COOPERATIVA ALTOPIANO DI PINE’ SCARL, PUNTO VENDITA",59,[]
,93,Via Cesare Battisti,,Baselga di Piné,38042,FARMACIA MORELLI S.N.C. DI MORELLI DOTT. GIUSEPPE & C.,60,['FARMACIA']
,86,Via Cesare Battisti,,Baselga di Piné,38042,ORTOFRUTTA - GRAPPOTECA DI ZANEI GIUSEPPE & C. S.N.C.,61,[]
,14,Via Pergine,Montagnaga,Baselga di Piné,38042,CALZATURE CARLIN,62,['CALZATURE']
,121,Via Cesare Battisti,,Baselga di Piné,38042,RIVENDITA TABACCHI N. 5 DI BROSEGHINI CATERINA,63,['TABACCHI']
,84,Corso Roma,,Baselga di Piné,38042,OTTICI DEFLORIAN MARANGONI DI MARANGONI DONATELLA,64,[]
,2,Corso Roma,,Baselga di Piné,38042,BAZAR IORIATTI LINO & C. S.N.C.,65,['BAZAR']
,96,,Rizzolaga / Campolongo,Baselga di Piné,38042,MINIMERCATO DALSANT GIUSEPPINA & C. SAS,66,[]
,77,Corso Roma,,Baselga di Piné,38042,PANIFICIO ANESI DI ANESI ALESSANDRO,67,['PANIFICIO']
,34,Corso Roma,,Baselga di Piné,38042,MACELLERIA FRANCESCHI ANDREA E C. SNC,68,['MACELLERIA']
,47,Corso Roma,,Baselga di Piné,38042,ORTOFRUTTA ALIMENTARI RAVANELLI RENZO,69,['ALIMENTARI']
,1,Piazzetta Agostiniani,,Trento,38122,COLTELLERIA S. MARCO F.LLI VALENTINI SNC,70,[]
,16,Via Santa Croce,,Trento,38122,ANTICA TRATTORIA AL VOLT DI DANIELA CARESIA,71,[]
esercizio commerciale,7,Piazza Fiera,,Trento,38122,NATURERBE S.N.C.,72,[]
,22,Via San Marco,,Trento,38122,LA CANTINOTA RISTORANTE,73,['RISTORANTE']
,7,Via Caduti Malga Zonta,Passo Coe,Folgaria,38064,OSTERIA COE DI PLOTEGHER CHRITIAN,74,[]
bar,52,Via E. Colpi,,Folgaria,38064,JOHN CLUB SAS DI SCHÖNSBERG GIOVANNI & C.,75,['BAR']
,53,Via Martinella,Serrada,Folgaria,38064,RISTORANTE BAR HOTEL MARTINELLA DI PLOTEGHER STEFANO,76,"['BAR', 'RISTORANTE', 'HOTEL']"
,108,Via E. Colpi,,Folgaria,38064,RISTORANTE BAR ALBERGO TOMASI DI TOMASI MASSIMILIANO,77,"['BAR', 'RISTORANTE', 'ALBERGO']"
,131,Via E. Colpi,,Folgaria,38064,CASALINGHI MARTINO S.A.S. DI PERGHER GELMI BRUNA E FIGLI,78,[]
,27,Via L. Cadorna,,Folgaria,38064,RISTORANTE ALBERGO MILANO DI CAPPELLETTI PAOLA,79,"['RISTORANTE', 'ALBERGO']"
,61,Via E. Colpi,,Folgaria,38064,BAR PASTICCERIA DALSASS DI CUEL SILVANA & C. SNC,80,['BAR']
,26,Via Pasubio,Serrada,Folgaria,38064,BAR CENTRALE DI CANALIA LUISA,81,['BAR']
,233,Via E. Colpi,,Folgaria,38064,PIZZERIA SCOIATTOLO CENTER SERVICE DI COROTTI GIANDARLO & C. SAS,82,['PIZZERIA']
,127,Via E. Colpi,,Folgaria,38064,ORTOFRUTTA GASPEROTTI FULVIO,83,[]
,85,Via Roma,,Folgaria,38064,ORTOFRUTTA VENERI PAOLO,84,[]
,9,Via E. Colpi,,Folgaria,38064,MINIMARKET TARGHER S.A.S. DI TARGHER MAURO & C.,85,[]
,40,Via Nazioni Unite,Costa,Folgaria,38064,PANIFICIO BARBETTI GUIDO DI BARBETTI BRUNO & C. S.N.C.,86,"['BAR', 'PANIFICIO']"
,170,Via E. Colpi,,Folgaria,38064,RISTORANTE HOTEL ALPINO S.R.L.,87,"['RISTORANTE', 'HOTEL']"
,343,Via E. Colpi,,Folgaria,38064,RISTORANTE LOCANDA DA UGO DI LEITEMPERGHER ETTORE,88,['RISTORANTE']
,45,Via G. Carducci,Carbonare,Folgaria,38064,BAZAR TABACCHI PEROTTO LUCIA ASSUNTA,89,"['TABACCHI', 'BAZAR']"
,143,Via E. Colpi,,Folgaria,38064,FOTO OTTICA PLOTEGHER ALCIDE,90,[]
,14,Via A. Manzoni,Carbonare,Folgaria,38064,MINIMARKET SCALZERI GIANNA,91,[]
,1,Via E. Colpi,,Folgaria,38064,ANTICA MACELLERIA E SALUMERIA CAPPELLETTI DI CAPPELLETTI ANDREA,92,['MACELLERIA']
,21,Via E. Colpi,,Folgaria,38064,NEGOZIO MARIAROSA DI FESTI GIUSTINO,93,[]
,171,Via E. Colpi,,Folgaria,38064,MACELLERIA CANALIA MAURO,94,['MACELLERIA']
,160,,Fondo Grande,Folgaria,38064,BAR RISTORANTE CONCA D’ORO DI GEROLA FIORENZO,95,"['BAR', 'RISTORANTE']"
,49,Via L. Nazionale,San Sebastiano,Folgaria,38064,RISTORANTE BAR ALBERGO AL SOLE DI ALICE E MARIANNA DALPRA’ SNC,96,"['BAR', 'RISTORANTE', 'ALBERGO']"
, 71/73,Via Roma,,Folgaria,38064,EDICOLA RIVENDITA TABACCHI N° 3 DI WEGHER PAOLO,97,['TABACCHI']
,135,Via E. Colpi,,Folgaria,38064,MILLE COSE SNC DI PLOTEGHER MAURO E MICHELA & C.,98,[]
, 7-9,Via Mercerie,,Rovereto,38068,SPECIALITA’ ALIMENTARI DI PAOLO E GIANNI ALIMENTARI FINAROLLI DI GILBERTI PAOLO & C. S.N.C.,99,['ALIMENTARI']
esercizio commerciale, 18/B,Via Paoli,,Rovereto,38048,LUIGI ALDRIGHETTONI DI ALDRIGHETTONI GIOVANNI BATTISTA,100,[]
,35,Via Benaco,,Torbole sul Garda,38033,RISTORANTE  BAR BENACO di NODARI GIOVANNI & C. S.A.S.,101,"['BAR', 'RISTORANTE']"
,4,Piazza Municipio,,Pergine Valsugana,38057,CAFFE’ ALEXANDER BERNARDI GIORGIO & C. SNC,102,[]
esercizio commerciale,20,Piazza Municipio,,Pergine Valsugana,38057,OCHNER LUIGI,103,[]
,4,Via Al Ponte,,Pergine Valsugana,38057,BAR AL PONTE di TARGA MATTEO,104,['BAR']
,105,,Gionghi,Lavarone,38046,PANIFICIO BERTOLDI S.N.C. DI BERTOLDI FABIO & C.,106,['PANIFICIO']
ristorante bar,2,Piazza Milano,,Lavarone,38046,CERVO S.N.C. DI MARCHESI CARLO & F.LLI,107,"['BAR', 'RISTORANTE']"
,96,,Gionghi,Lavarone,38046,PICCOLO BAZAR DI GIONGO MARIO,108,['BAZAR']
esercizio commerciale,18,Via Trieste,,Lavarone,38046,STENGHELE FRATELLI S.N.C. DI STENGHELE FRANCESCO GINO & C.,109,[]
,32,Via Trieste,,Lavarone,38046,RISTORANTE BAR HOTEL DU LAC DI GABRIELLI ANDREA & C. S.A.S.,110,"['BAR', 'RISTORANTE', 'HOTEL']"
,5,,Bertoldi,Lavarone,38046,FAMIGLIA COOPERATIVA LAVARONE S.C.A.R.L.,111,[]
esercizio commerciale,6,Via Piave,,Pergine Valsugana,38057,DALSASSO EUGENIO,113,[]
,18,Via Chimelli,,Pergine Valsugana,38057,A.B. INTIMO DI BRUNELLI SILVANA E EVANGELISTI LUIGINO S.N.C.,114,[]
ristorante,37,Viale Venezia,,Pergine Valsugana,38057,LA ROTONDA DI BETTI MARCO & C. S.N.C.,115,['RISTORANTE']
,72,Corso Roma,,Baselga di Piné,38042,GIOIELLERIA ANDREATTA SAS DI ANDREATTA ALESSANDRO & C.,116,[]
,20,Piazza Pasi,,Trento,38122,FARMACIA DE BATTAGLIA,117,['FARMACIA']
,63,Via Calepina,,Trento,38122,MOSER CICLI,119,[]
,7,Via San Vigilio,,Trento,38122,FOTO CINE LA ROTONDA,120,[]
,21,Piazza Filzi,,Rovereto,38068,FARMACIA DOTT. SANTONI,121,['FARMACIA']
,50,Viale Dante,,Tione di Trento,38079,OREFICERIA FRANCO GOTTARDI,122,[]
,57,,Bertoldi,Lavarone,38046,BAR BELEM DI BERTOLDI FRANCA,123,['BAR']
bar,6,Piazza Milano, Cappella,Lavarone,38046,BAR ALBERGO NAZIONALE DI PACE ENLI & C. SNC,124,"['BAR', 'ALBERGO']"
,6,Piazza Milano, Cappella,Lavarone,38046,TABACCHI PACE ENLI,125,['TABACCHI']
,5,Via Marconi, Cappella,Lavarone,38046,CASEIFICIO DEGLI ALTIPIANI E DEL VEZZENA S.C.A.,126,[]
,2,Via S. Bernardino,,Arco,38062,FOTO EMANUELLI,127,[]
,16,Via Vergolano,,Arco,38062,BAZAR DEL POPOLO,128,['BAZAR']
,78,Via Segantini,,Arco,38062,MANIFATTURE LOMBARDE,130,['BAR']
,105,Via Segantini,,Arco,38062,CALZATURE GIULIANI,131,['CALZATURE']
,9,Via S. Bernardino,,Arco,38062,ALIMENTARI TRENTI,132,['ALIMENTARI']
,6,Piazza 3 Novembre,,Arco,38062,ZAMBONI TESSUTI,133,[]
,22,Via Ferrera,,Arco,38062,RISTORANTE HOTEL MARCHI,134,"['RISTORANTE', 'HOTEL']"
,8,Via Vergolano,,Arco,38062,RISTORANTE ALLA LEGA,135,['RISTORANTE']
,2,Via Serafini,,Arco,38062,RISTORANTE BELVEDERE,136,['RISTORANTE']
,23,Via Cavour,,Trento,38122,PANIFICIO PULIN SAS,137,['PANIFICIO']
,14,Via del Foro,,Tione di Trento,38079,ANTICA MACELLERIA BALLARDINI,138,['MACELLERIA']
,5,Viale Dante,,Tione di Trento,38079,CARTOLIBRERIA B. ANTOLINI,139,[]
esercizio commerciale,8,Via del Moleta,,Cinte Tesino,38050,DI FLORIO MARIA TERESA,140,[]
,12,Piazza San Felice, Valle San Felice,Mori,38065,FAMIGLIA COOEPRATIVA VALLE SAN FELICE,141,[]
,15,Piazza Cal Di Ponte,,Mori,38065,ABBIGLIAMENTO MAGANOTTI MARIA GRAZIA,142,[]
,1,Via del Garda, Loppio,Mori,38065,TRATTORIA - BAR AL LAGO,143,['BAR']
,32,Largo Villanuova,,Mori,38065,FABBRICA RETI E MATERIASSI MENEGHELLI,144,[]
,51,Via Modena,,Mori,38065,LA BOTTEGA DI GARUFFO LIA,145,[]
,35,Via Modena,,Mori,38065,VINERIA – BAR BAROLDI,146,['BAR']
,16,Piazza Cal Di Ponte,,Mori,38065,BAR SANI,147,['BAR']
, 6/A,Via Monte Baldo,,Mori,38065,FORGIATURA MARCHIORI,148,[]
,4,Piazza Cal Di Ponte,,Mori,38065,FERRAMENTA MALFATTI,149,['FERRAMENTA']
,96,Via Matteotti,,Mori,38065,OFFICINA BOMBARDELLI,150,['BAR']
,28,Piazza Cal Di Ponte,,Mori,38065,EDICOLA CARTOLERIA PERINI,151,[]
,2,Via Modena,,Mori,38065,ALIMENTARI MIORELLI,152,['ALIMENTARI']
,3,Via Garibaldi,,Mori,38065,CAFFE’ DEL GELSO,153,[]
,1,Via Modena,,Mori,38065,MACELLERIA TRANQUILLINI,154,['MACELLERIA']
,6,Via Malfatti,,Mori,38065,FARMACIA S. STEFANO,155,['FARMACIA']
,6,Via Don  Sturzo,,Mori,38065,SUPERMARKET ZENI,156,[]
,65,Via Modena,,Mori,38065,LAVANDERIA LA RINNOVA,157,[]
,32,Piazza Cal Di Ponte,,Mori,38065,PANIFICIO SARTORI,158,['PANIFICIO']
,3,Piazza Concei, Bezzecca,Ledro,38067,BAR RISTORANTE ALBERGO ALLA COSTA,159,"['BAR', 'RISTORANTE', 'ALBERGO']"
,63,Via Garibaldi, Tiarno di Sotto,Ledro,38067,BAR RISTORANTE ALBERGO ALLA PERLA,160,"['BAR', 'RISTORANTE', 'ALBERGO']"
,16,Via Cassoni, Pieve di Ledro,Ledro,38067,BAR RISTORANTE ALBERGO ALPINO,161,"['BAR', 'RISTORANTE', 'ALBERGO']"
, 11/A,Via G. Marconi, Tiarno di Sopra,Ledro,38067,BAR RISTORANTE ALBERGO CASAVECCHIA,162,"['BAR', 'RISTORANTE', 'ALBERGO']"
,9,Via XXIV Ottobre, Bezzecca,Ledro,38067,BAR RISTORANTE ALBERGO MAGGIORINA,163,"['BAR', 'RISTORANTE', 'ALBERGO']"
,1,Piazza Milin, Tiarno di Sopra,Ledro,38067,BAR RISTORANTE ALBERGO VITTORIA,164,"['BAR', 'RISTORANTE', 'ALBERGO']"
,93,Via G. Marconi, Tiarno di Sopra,Ledro,38067,BAR POSTA,165,['BAR']
,7,Piazza Garibaldi,Bezzecca,Ledro,38067,CAFFÈ BAR CENTRALE,166,['BAR']
,7,Via Alzer, Pieve di Ledro,Ledro,38067,BAR RISTORANTE PIZZERIA CAMPEGGIO AL LAGO,167,"['BAR', 'RISTORANTE', 'PIZZERIA']"
,3,Via Maffei,Molina di Ledro,Ledro,38067,CASARI FERRAMENTA,168,['FERRAMENTA']
,77,Via Maffei,Molina di Ledro,Ledro,38067,OFFICINA MECCANICA DISTRIBUTORE MAZZOLA,169,[]
,8,Via Nuova, Pieve di Ledro,Ledro,38067,OFFICINA MECCANICA DISTRIBUTORE PELLEGRINI,170,[]
,3,Via III Giugno, Lenzumo,Ledro,38067,BAR RISTORANTE ECO AMBIENTI HOTEL ELDA,171,"['BAR', 'RISTORANTE', 'HOTEL']"
,11,Via Vittoria, Pieve di Ledro,Ledro,38067,FARMACIA FOLETTO,172,['FARMACIA']
,25,Via Unità d’Italia, Lenzumo,Ledro,38067,BAR RISTORANTE HOTEL CADRIA,173,"['BAR', 'RISTORANTE', 'HOTEL']"
,1,Via Pribram, Pieve di Ledro,Ledro,38067,BAR RISTORANTE HOTEL LIDO,174,"['BAR', 'RISTORANTE', 'HOTEL']"
, 4/6,Via Lungolago, Mezzolago,Ledro,38067,BAR RISTORANTE HOTEL MEZZOLAGO,175,"['BAR', 'RISTORANTE', 'HOTEL']"
,22,Via Vittoria, Pieve di Ledro,Ledro,38067,LA BOTTEGA DELL’ARTIGIANO,176,[]
,8,Via XXI Luglio,Bezzecca,Ledro,38067,MACELLERIA CIS MASSIMO,177,['MACELLERIA']
,13,Piazza Obbedisco,Bezzecca,Ledro,38067,MACELLERIA ZECCHINI,178,['MACELLERIA']
,28,Via Vittoria, Pieve di Ledro,Ledro,38067,OSTERIA LA TORRE,179,[]
,5,Via C. Battisti,Bezzecca,Ledro,38067,PANIFICIO F.LLI TOMASONI S.A.S.,180,['PANIFICIO']
rifugio escursionistico,,Località al Faggio, Concei,Ledro,38067,RIFUGIO AL FAGGIO,181,[]
,65,Via Vittorio Emanuele, Tiarno di Sopra,Ledro,38067,RIBAGA SELF SERVICE,182,[]
,17,Piaz De Sotegrava,,Moena,38035,BAR RISTORANTE FALORIA,183,"['BAR', 'RISTORANTE']"
,10,Cort Del Batesta,,Moena,38035,CASABELLA IDEE REGALO,184,[]
,1,Piaz De Ramon,,Moena,38035,ARTICOLI DA REGALO LIBRERIA CROCE MARIA CRISTINA,185,[]
esercizio commerciale,4,Strada Cerilo Dellantonio Bora,,Moena,38035,EN SLUCK,186,[]
,2,Strada Cerilo Dellantonio Bora,,Moena,38035,FARMACIA DOTT. RIGONI,187,['FARMACIA']
,1,Strada De Fachin,,Moena,38035,BAR HOTEL CAVALLETTO,188,"['BAR', 'HOTEL']"
,1,Strada De Sen Pelegrin,,Moena,38035,BAR HOTEL MARIA,189,"['BAR', 'HOTEL']"
,62,Piaz De Ramon,,Moena,38035,IELLICI SPORT CALZATURE,190,"['CALZATURE', 'SPORT']"
,48,Piaz De Ramon,,Moena,38035,MODE SPORT,191,['SPORT']
,14,Sen Pelegrin,,Moena,38035,BAR HOTEL MANZONI,192,"['BAR', 'HOTEL']"
,32,Piaz De Ramon,,Moena,38035,BAR RISTORANTE LO SFIZIO,193,"['BAR', 'RISTORANTE']"
,23,L Vial,,Moena,38035,BAR SPORTHOTEL SAN VIGILIO,194,"['BAR', 'HOTEL', 'SPORT']"
,8,Strada Ermanno Zanoner – Canori,,Moena,38035,CALZATURE ZANONER,195,['CALZATURE']
,51,Via C. A. Martini,,Revò,38028,ALIMENTARI MANINFIOR ANITA,196,['ALIMENTARI']
,2,Via C. A. Martini,,Revò,38028,ALIMENTARI SANDRI,197,['ALIMENTARI']
,,Piazza S. Maurizio, Tregiovo,Revò,38028,ALIMENTARI WEGHER GIOVANNA,198,['ALIMENTARI']
,19,Via C. A. Martini,,Revò,38028,BAR ZILLER,199,['BAR']
,53,Via C. A. Martini,,Revò,38028,CALZATURIFICIO ROSSI LUIGI DI ROSSI DIEGO,200,[]
,2,Via Dei Maurini Bassi,,Revò,38028,CASEIFICIO SOCIALE MONTE OZOLO,201,[]
,7,Via C. A. Martini,,Revò,38028,CONFEZIONI ZILLER,202,[]
,8,Piazza della Madonna Pellegrina,,Revò,38028,ELETTROMARTINI,203,[]
,45,Via C. A. Martini,,Revò,38028,FABBRO GENTILINI MAURIZIO,204,[]
,4,Via J. A. Maffei,,Revò,38028,FARMACIA SILVESTRI LUCIANA,205,['FARMACIA']
,13,Via C. A. Martini,,Revò,38028,FERRAMENTA FERRARI GIULIANO,206,['FERRAMENTA']
,9,Via C. A. Martini,,Revò,38028,SALUMIFICIO ARTIGIANALE FLAIM,207,[]
,13,Via G. Verdi,,Revò,38028,BAR RISTORANTE HOTEL REVÒ,208,"['BAR', 'RISTORANTE', 'HOTEL']"
,10,Via Prai de Mont, Bellamonte,Predazzo,38037,ARTICOLI SPORTIVI DI VARESCO MARIO & C. SNC,209,['SPORT']
,27,Via Trento,,Predazzo,38037,FOTO BONINSEGNA,210,[]
,32,Via Trento,,Predazzo,38037,CASALINGHI MORANDINI,211,[]
,9,Piazza SS. Filippo e Giacomo,,Predazzo,38037,CEMIN SPORT,212,['SPORT']
,1,Via Garibaldi,,Predazzo,38037,EL MAMA FERRAMENTA,213,['FERRAMENTA']
,21,Via C. Battisti,,Predazzo,38037,SUPERMERCATO FAMIGLIA COOPERATIVA,214,[]
,26,Via Roma,,Predazzo,38037,CALZATURE GARDENER,215,['CALZATURE']
,2,Via C. Battisti,,Predazzo,38037,MACELLERIA DELLANTONIO,217,['MACELLERIA']
,15,Via C. Battisti,,Predazzo,38037,OREFICERIA TONINI,218,[]
,5,Piazza SS. Filippo e Giacomo,,Predazzo,38037,CALZATURE SEBER SANDRA,219,['CALZATURE']
,19,Via Prai de Mont, Bellamonte,Predazzo,38037,BAR RISTORANTE ALBERGO ANTICO,220,"['BAR', 'RISTORANTE', 'ALBERGO']"
,110,Via Indipendenza,,Predazzo,38037,BAR RISTORANTE ALBERGO MONTANARA,221,"['BAR', 'RISTORANTE', 'ALBERGO']"
,30,Via Garibaldi,,Predazzo,38037,BAR RISTORANTE ALBERGO ROSA,222,"['BAR', 'RISTORANTE', 'ALBERGO']"
,9,Via Prai de Mont, Bellamonte,Predazzo,38037,BAR RISTORANTE ALBERGO STELLA ALPINA,223,"['BAR', 'RISTORANTE', 'ALBERGO']"
,76,Via Mazzini,,Predazzo,38037,BAR RISTORANTE ALBERGO VINELLA,224,"['BAR', 'RISTORANTE', 'ALBERGO']"
,1,Via IX Novembre,,Predazzo,38037,BAR RISTORANTE ALBERGO ANCORA,225,"['BAR', 'RISTORANTE', 'ALBERGO']"
,20,Corso Degasperi,,Predazzo,38037,BAR RISTORANTE ALBERGO BELLARIA,226,"['BAR', 'RISTORANTE', 'ALBERGO']"
,5,Via Trento,,Predazzo,38037,BAR RISTORANTE ALBERGO TOURING,227,"['BAR', 'RISTORANTE', 'ALBERGO']"
,11,Vicolo del Caorer,,Predazzo,38037,BAR CAORER,228,['BAR']
,32,Via Dante,,Predazzo,38037,BAR EL PIRLE,229,['BAR']
,5,Via Dellagiacoma,,Predazzo,38037,CAFFÈ CROCE,230,[]
,1,,Miola,Predazzo,38037,BAR RISTORANTE MIOLA,231,"['BAR', 'RISTORANTE']"
,19,Via San Giuseppe,,Roncegno Terme,38050,RISTORANTE BAR ALBERGO VILLA ROSA,233,"['BAR', 'RISTORANTE', 'ALBERGO']"
,1,Palace Hotel,,Roncegno Terme,38050,RISTORANTE PALACE HOTEL,234,"['RISTORANTE', 'HOTEL']"
,20,Via Nazionale, Marter,Roncegno Terme,38050,BAR RISTORANTE ALBERGO ALLA STAZIONE,235,"['BAR', 'RISTORANTE', 'ALBERGO']"
,2,Via San Giuseppe,,Roncegno Terme,38050,MACELLERIA HOFFER ELISA,236,['MACELLERIA']
,9,Piazza Montebello,,Roncegno Terme,38050,FAMIGLIA COOPERATIVA LAGORAI,237,[]
,2,Via Battaglione Basseggio,,Roncegno Terme,38050,MACELLERIA HOFFER FABRIZIO,238,['MACELLERIA']
,,Piazza Achille De Giovanni,,Roncegno Terme,38050,ALIMENTARI HOFFER NICOLETTA,239,['ALIMENTARI']
,1,Via San Giuseppe,,Roncegno Terme,38050,RISTORANTE ALBERGO GARNÌ VITTORIA,240,"['RISTORANTE', 'ALBERGO']"
, 8/9,Piazza Dante,,Cavalese,38033,CASALINGHI BERTAGNOLLI FERRAMENTA,241,['FERRAMENTA']
,12,Piazza Scopoli,,Cavalese,38033,PASTICCERIA COSE BUONE DA PAOLO,242,[]
,11,Piazza Verdi,,Cavalese,38033,TABARELLI GIORNALI TABACCHI SOUVENIR,243,"['BAR', 'TABACCHI']"
esercizio commerciale,7,Piazza Scopoli,,Cavalese,38033,VIDEO UNO,244,[]
,10,Via IX Novembre,,Cavalese,38033,CORNICI PLASTICOLOR SELLE,245,[]
,13,Piazza Scopoli,,Cavalese,38033,CARTOLIBRERIA SPAZZALI,246,[]
,2,Via Baldieroni,,Cavalese,38033,RISTORANTE HOTEL LA STUA,247,"['RISTORANTE', 'HOTEL']"
,38,Piazza Venezia,,Levico Terme,38056,RISTORANTE VECCHIA FONTANA,248,['RISTORANTE']
,49,,Vetriolo,Levico Terme,38056,BAR MASO AL VETRIOLO VECCHIO,249,['BAR']
,3,Via Garibaldi,,Levico Terme,38056,MACELLERIA DEL CENTRO,250,['MACELLERIA']
,29,Via Dante,,Levico Terme,38056,FARMACIA DE PREZ,251,['FARMACIA']
,,Via Della Chiesa di Santa Giuliana,,Levico Terme,38056,BAR-ALBERGO NAZIONALE,252,"['BAR', 'ALBERGO']"
,22,Viale Vittorio Emanuele,,Levico Terme,38056,RISTORANTE-BAR-ALBERGO GARDEN,253,"['BAR', 'RISTORANTE', 'ALBERGO']"
,4,Via Regia,,Levico Terme,38056,FRIGO PRODOTTI TIPICI,254,[]
,13,Piazza Venezia,,Levico Terme,38056,ALIMENTARI CONCI SAMUELA,255,['ALIMENTARI']
,,Viale Vittorio Emanuele,,Levico Terme,38056,RISTORANTE-BAR-ALBERGO G.H. BELLAVISTA,256,"['BAR', 'RISTORANTE', 'ALBERGO']"
,,Viale Stazione,,Levico Terme,38056,MOBILI ARESE,257,[]
,69,Via Garibaldi,,Levico Terme,38056,FIORERIA OGNIBENI IVANA,258,[]
,12,Via Regia,,Levico Terme,38056,ANTICA FARMACIA ROMANESE,259,['FARMACIA']
,1,Via Regia,,Levico Terme,38056,MERCERIE VERGOT,260,[]
,66,Via Garibaldi,,Levico Terme,38056,CASALINGHI-ELETTRODOMESTICI TADDEI GIULIANO,261,[]
,49,Via Cavour,,Levico Terme,38056,ORTOFRUTTA SCAPIN GIANNI,262,[]
,19,Via Regia,,Levico Terme,38056,LANA MODA,263,[]
,11,Via Regia,,Levico Terme,38056,VIVISPORT S.N.C.,264,['SPORT']
,22,C.so Centrale,,Levico Terme,38056,CONCESSIONARIA BASSETTI,265,[]
,8,Via Regia,,Levico Terme,38056,BAR AL CONTE,266,['BAR']
,22,Via Dante,,Levico Terme,38056,BAR CAMINETTO,267,['BAR']
,,Via Garibaldi,,Levico Terme,38056,RISTORANTE-BAR ANTICA ROSA,268,"['BAR', 'RISTORANTE']"
,,Via Guglielmo Marconi,,Levico Terme,38056,EDICOLA PASSERINI ALBERTO,269,[]
,8,Via Dante,,Levico Terme,38056,BAR LINO,270,['BAR']
,21,Via Regia,,Levico Terme,38056,BAR SERENA,271,['BAR']
,,Via Domenico Mons. Caproni,,Levico Terme,38056,RISTORANTE-BAR SANDRO,272,"['BAR', 'RISTORANTE']"
,34,Via Dante,,Levico Terme,38056,DALSASSO ABBIGLIAMENTO,273,[]
esercizio commerciale,,Via C. Battisti n. 19,,Pergine Valsugana,38057,GIOVANNINI LUISA,274,[]
,169,Via Nazionale,,Imer,38050,BAR - RISTORANTE ALBERGO AL BIVIO,275,"['BAR', 'RISTORANTE', 'ALBERGO']"
,9,,Pontet,Imer,38050,RISTORANTE ALBERGO AL LAGO,276,"['RISTORANTE', 'ALBERGO']"
,1,Via Casabianca,,Imer,38050,B. & B. LEGNO DI BETTEGA GRAZIANO & C. S.N.C.,277,[]
,62,Via Nazionale,,Imer,38050,BAR OBBER,278,['BAR']
,76,Via Nazionale,,Imer,38050,DARIO SPORT DI BETTEGA ROBERTO & C. S.A.S.,279,['SPORT']
,11,,Giare,Imer,38050,FALEGNAMERIA FRATELLI BONINSEGNA SNC,280,[]
,101,Via Nazionale,,Imer,38050,FAMIGLIA COOPERATIVA IMER,281,[]
bar - esercizio commerciale,,Via Nazionale n. 15,Padergnone,Vallelaghi,38070,CANTINOTA,282,['BAR']
esercizio commerciale,8,Piazza G. Garibaldi,,Riva del Garda,38066,FERRAGLIA VITTORIO,284,[]
,23,Via Gazzoletti,,Riva del Garda,38066,OTTICA ARMANI,285,[]
,57,Via S. Croce ,,Trento,38122,FARMACIA S. CHIARA,286,['FARMACIA']
,13,Piazza Fiera,,Trento,38122,BIRRERIA PEDAVENA,287,[]
esercizio commerciale,13,Vicolo del Liceo,,Trento,38122,VIGILIO FRANZINELLI,288,[]
ristorante,50,Via Torre Verde,,Trento,38122,EL MERICAN,289,['RISTORANTE']
,28,Via Marchetti,,Trento,38122,FOTO RENSI,290,[]
,21,Via degli Orbi,,Trento,38122,OROLOGERIA M. GROPPA,291,[]
,8,Piazza Manci,,Trento,38122,FAMIGLIA COOPERATIVA DI POVO,292,[]
,5,Scala al Convento,,Borgo Valsugana,38051,CALZATURE E PELLETTERIE CAPPELLO,293,['CALZATURE']
,43,Corso Ausugum,,Borgo Valsugana,38051,BOTTEGA DEL COLORE,294,[]
esercizio commerciale,5,Via Spagolla,,Borgo Valsugana,38051,VULCANO STORE,295,[]
esercizio commerciale,12,Corso Ausugum,,Borgo Valsugana,38051,ARCOBALENO,296,[]
esercizio commerciale,15,Via Temanza,,Borgo Valsugana,38051,SEGNANA,297,[]
esercizio commerciale,1,Piazza Martiri Resistenza,,Borgo Valsugana,38051,CAMBO,298,[]
esercizio commerciale,15,Via B. Venezia,,Borgo Valsugana,38051,GANARIN,299,[]
esercizio commerciale, 60 - 66,Corso Ausugum,,Borgo Valsugana,38051,BELLUCCO,300,[]
esercizio commerciale,32,Corso Ausugum,,Borgo Valsugana,38051,AGOSTINI,301,[]
esercizio commerciale,26,Corso Ausugum,,Borgo Valsugana,38051,PAGNUSAT,302,[]
,17,Piazza Dante,,Borgo Valsugana,38051,BAR CUSSO,303,['BAR']
,15,Piazza De Gasperi,,Borgo Valsugana,38051,CAFFÈ PASTICCERIA ZITA,304,[]
,7,Piazza Romani,,Borgo Valsugana,38051,BAR MILANO,305,['BAR']
esercizio commerciale,15,Piazza Dante,,Borgo Valsugana,38051,DALSASSO,306,[]
esercizio commerciale,19,Corso Ausugum,,Borgo Valsugana,38051,COMUNELLO,307,[]
,4,Via Giuseppe Terrabugio,Fiera di Primiero,Primiero San Martino di Castrozza,38054,MACELLERIA BAGGETTO,308,['MACELLERIA']
,5,Via Giuseppe Terrabugio,Fiera di Primiero,Primiero San Martino di Castrozza,38054,CALZATURE TAMANINI,309,['CALZATURE']
,28,Via Guadagnini,Fiera di Primiero,Primiero San Martino di Castrozza,38054,FARMACIA ALLA MADONNA,310,['FARMACIA']
,,Salita Luigi Negrelli,Fiera di Primiero,Primiero San Martino di Castrozza,38054,BELLOTTO GIOIELLI,311,[]
,,Via San Francesco,Fiera di Primiero,Primiero San Martino di Castrozza,38054,CANTINA CESARI,312,[]
,4,Via San Francesco,Fiera di Primiero,Primiero San Martino di Castrozza,38054,ARREDAMENTI GUBERT FRANCO,313,[]
,5,Piazzetta del Dazio,Fiera di Primiero,Primiero San Martino di Castrozza,38054,PASTICCERIA GIOVANNA SIMION,314,[]
,40,Via Giuseppe Terrabugio,Fiera di Primiero,Primiero San Martino di Castrozza,38054,SPORTING GAIO,315,['SPORT']
,33,Via Giuseppe Garibaldi,Fiera di Primiero,Primiero San Martino di Castrozza,38054,FOTO OTTICA GILLI,316,[]
esercizio commerciale,14,Via San Francesco,Fiera di Primiero,Primiero San Martino di Castrozza,38054,CREPAZ FLORIO,317,[]
,9,Viale Piave,Fiera di Primiero,Primiero San Martino di Castrozza,38054,RISTORANTE BAR ALBERGO DOLOMITI,318,"['BAR', 'RISTORANTE', 'ALBERGO']"
,16,Via San Francesco,Fiera di Primiero,Primiero San Martino di Castrozza,38054,ORTOFRUTTA MELCHIORI,319,[]
,9,Piazza Cesare Battisti,Fiera di Primiero,Primiero San Martino di Castrozza,38054,BAR AQUILA NERA,320,['BAR']
,1,Piazza Cesare Battisti,Fiera di Primiero,Primiero San Martino di Castrozza,38054,LAVASECCO LA RAPIDA,321,[]
esercizio commerciale,14,Via Terrabugio,Fiera di Primiero,Primiero San Martino di Castrozza,38054,GAUDENZI FRANCESCO,322,[]
,6,Via Giuseppe Garibaldi,Fiera di Primiero,Primiero San Martino di Castrozza,38054,TROTTER CALZATURE,323,['CALZATURE']
,18,Via Fiume,Fiera di Primiero,Primiero San Martino di Castrozza,38054,MACELLERIA GADENZ,324,['MACELLERIA']
esercizio commerciale,3,Via Fiume,Fiera di Primiero,Primiero San Martino di Castrozza,38054,GADENZ SEBASTIANO,325,[]
,3,Piazza Luigi Negrelli,Fiera di Primiero,Primiero San Martino di Castrozza,38054,BAR TABACCHI WEISS,326,"['BAR', 'TABACCHI']"
,11,Via alla Malga,Susà,Pergine Valsugana,38057,BETTY BAR,327,['BAR']
,11,Via Marconi,Ponte Arche,Comano Terme,38077,ARREDI MORELLI,328,[]
,26,Piazza Mercato,Ponte Arche,Comano Terme,38077,PANIFICIO ZANONI,329,['PANIFICIO']
esercizio commerciale,68,Via S. Pietro,,Trento,38122,LEONARDI ANTONIO,330,[]
,103,Via Malvasia,,Trento,38122,RISTORANTE PIZZERIA VESUVIO,331,"['RISTORANTE', 'PIZZERIA']"
esercizio commerciale,67,Via Segantini,,Arco,38062,BERLANDA LA NASCENTE,332,[]
,28,Via Vergolano,,Arco,38062,NEGRI FIORI,333,[]
esercizio commerciale,24,Via Segantini,,Arco,38062,TORBOLI MARCO,334,[]
pubblico esercizio esercizio commerciale,21,Via della Predolcia,Viarago,Pergine Valsugana,38057,ALPINA,335,[]
,41,Via Mendola,,Ronzone,38010,RISTORANTE BAR HOTEL STELLA DELLE ALPI,336,"['BAR', 'RISTORANTE', 'HOTEL']"
,48,Via Mendola,,Ronzone,38010,RISTORANTE BAR HOTEL REGINA DEL BOSCO,337,"['BAR', 'RISTORANTE', 'HOTEL']"
esercizio commerciale,27,Via Mendola,,Ronzone,38010,LA BOTTEGA,338,[]
,2,Via Cesare Battisti,,Sarnonico,38011,SEGHERIA IMBALLAGGI ABRAM SILVIO & C. SNC,339,[]
,,,Regole,Sarnonico,38011,RISTORANTE HOTEL IL FALCHETTO,340,"['RISTORANTE', 'HOTEL']"
,,,Regole,Sarnonico,38011,BAR RISTORANTE REGOLE,341,"['BAR', 'RISTORANTE']"
,8,Via Cesare Battisti,,Sarnonico,38011,DE LUCA FABIO FABBRO,342,[]
,30,Via Cesare Battisti,,Sarnonico,38011,BAR CENTRALE,343,['BAR']
,31,Via Cesare Battisti,,Sarnonico,38011,BAR RISTORANTE PIZZERIA LA RUSTICA,344,"['BAR', 'RISTORANTE', 'PIZZERIA']"
,11,Via Nazionale,Marter,Roncegno,38050,FAMIGLIA COOPERATIVA MARTER,345,[]
,1,Via A. Pola,,Roncegno,38050,CARTOLERIA DI HOFFER LEOPOLDA,346,[]
,19,Via 3 Novembre,,Tione di Trento,38079,PANE LATTE DOLCIUMI DI PAROLARI LUCIANA,347,[]
,6,Piazza Cooperazione,,Romeno,38010,FAMIGLIA COOPERATIVA CONAD,348,[]
,7,Piazza Romana,,Romeno,38010,MACELLERIA ENDRIZZI SERGIO,349,['MACELLERIA']
,9,Piazza Graiff,,Romeno,38010,IL FORNO DE BIASI,350,[]
,59,Via San Bartolomeo,,Romeno,38010,FALEGNAMERIA ROSATI ELIO,351,[]
,24,Piazza Lampi,,Romeno,38010,BAZAR DI FRANCISCI MARIANGELA,352,['BAZAR']
,80,Via 4 Novembre,,Romeno,38010,PIZZERIA ANAUNIA,353,['PIZZERIA']
,5,Piazza Romana,,Romeno,38010,BAR CENTRALE DI CAIO E LORENZA,354,['BAR']
,62,Via Alla Piena,,Romeno,38010,CASEIFICIO SOCIALE,355,[]
,14,Via Al Castello, Malgolo,Romeno,38010,ARTICOLI REGALO SARCLETTI,356,[]
,2,Via SS. Martiri d’Anaunia, Salter,Romeno,38010,LATTONIERE PLAGA MATTEO,357,[]
,53,Via 4 Novembre,,Romeno,38010,MOBILIFICIO FRANCISCI,358,[]
,17,Via 4 Novembre,,Romeno,38010,ROEN MODE DI COGOI LUCA,359,[]
,10,Piazza Centrale,,Nogaredo,38060,OSTARIA DELE STRIE,360,[]
,15,Via Verdi,,Nogaredo,38060,FAMIGLIA COOPERATIVA NOGAREDO,361,[]
,1,Via Del Ponte,Brancolino,Nogaredo,38060,PARISI BRUNA ALIMENTARI,362,['ALIMENTARI']
,12,Via San Biagio,,Nogaredo,38060,MOBILI BETTINI,363,[]
,7,Via Molini,Molini,Nogaredo,38060,BAR TRATTORIA AI MOLINI,364,['BAR']
,31,Strada Laghi di Lamar,Terlago,Vallelaghi,38070,BAR PIZZERIA AI TRE FAGGI,365,"['BAR', 'PIZZERIA']"
,10,Via E. de Varda,,Mezzolombardo,38017,RISTORANTE ALBERGO AL BORGHETTO,366,"['RISTORANTE', 'ALBERGO']"
,49,Corso Mazzini,,Mezzolombardo,38017,BOTTAMEDI CALZATURE,367,['CALZATURE']
,53,Corso Mazzini,,Mezzolombardo,38017,FERRAMENTA TOMASI,368,['FERRAMENTA']
esercizio commerciale,11,Corso Mazzini,,Mezzolombardo,38017,ZENI,369,[]
esercizio commerciale,21,Corso Mazzini,,Mezzolombardo,38017,TAIT,370,[]
,30,Via Roma,,Mezzolombardo,38017,BAZAR TAIT MERCERIE,371,['BAZAR']
,2,Via De Gasperi,,Mezzolombardo,38017,ABBIGLIAMENTO MAURINA,372,[]
,8,Corso Mazzini,,Mezzolombardo,38017,OREFICERIA G. CASNA,373,[]
,6,Piazza Cassa di Risparmio,,Mezzolombardo,38017,TESSUTI MANZATTI,374,[]
,12,Via 4 Novembre,,Mezzolombardo,38017,PESCHERIA ROAT ROMANO,375,[]
,20,Via A. de Varda,,Mezzolombardo,38017,OTTICA PIZZI,376,[]
 generi di monopolio,15,Corso Libertà,,Mezzolombardo,38017,WEBER LILIANA,377,[]
esercizio commerciale,40,Via De Gasperi,,Mezzolombardo,38017,TAIT GIUDITTA,378,[]
esercizio commerciale,12,Corso Mazzini,,Mezzolombardo,38017,BOZ GIUSEPPE,379,[]
,9/A,Via A. de Varda,,Mezzolombardo,38017,LA CASA DELLA RADIO,380,[]
esercizio commerciale,5,Corso del Popolo,,Mezzolombardo,38017,FEDRIZZI VIGILIO & C. S.N.C.,381,[]
esercizio commerciale,5,Corso del Popolo,,Mezzolombardo,38017,FEDRIZZI ROSANNA E C. S.N.C.,382,[]
,21,Via Roma,,Molveno,38018,PUNTO CASA,383,[]
,10,Via Nazionale,,Molveno,38018,RISTORANTE ALPOTEL VENEZIA,384,['RISTORANTE']
, 5/a,P. Marconi,,Molveno,38018,FRUTTA VERDURA DI GIORDANI ADELIO,385,[]
,1,Via Paganella,,Molveno,38018,CENTRAL MARKET,386,[]
,9,Via Lungolago,,Molveno,38018,BAR ALBERGO ITALIA,387,"['BAR', 'ALBERGO']"
,3,Piazza Scuole,,Molveno,38018,RISTORANTE HOTEL MIRALAGO,388,"['RISTORANTE', 'HOTEL']"
,41,Via Nazionale,,Molveno,38018,RISTORANTE HOTEL EXCELSIOR,389,"['RISTORANTE', 'HOTEL']"
,2,Piazza Scuole,,Molveno,38018,BAR CRISTALLO,390,['BAR']
,6,Via Roma,,Molveno,38018,ZENI CALZATURE,391,['CALZATURE']
,14,Via Roma,,Molveno,38018,MACELLERIA SPRINGHETTI,392,['MACELLERIA']
,34,Via Nazionale,,Molveno,38018,RISTORANTE HOTEL LONDRA,393,"['RISTORANTE', 'HOTEL']"
,7,Piazza Scuole,,Molveno,38018,RISTORANTE ALEXANDER HOTEL,394,"['RISTORANTE', 'HOTEL']"
,9,Via Nazionale,,Molveno,38018,RISTORANTE HOTEL BELVEDERE,395,"['RISTORANTE', 'HOTEL']"
,13,Via Nazionale,,Molveno,38018,BAR RISTORANTE HOTEL EUROPA,396,"['BAR', 'RISTORANTE', 'HOTEL']"
,8,Via Belvedere,,Molveno,38018,RISTORANTE HOTEL AURORA,397,"['RISTORANTE', 'HOTEL']"
,45,Via Nazionale,,Molveno,38018,RISTORANTE HOTEL PANORAMA,398,"['RISTORANTE', 'HOTEL']"
,18,Via Bettega,,Molveno,38018,RISTORANTE HOTEL MOLVENO,399,"['RISTORANTE', 'HOTEL']"
,4,Via Lungolago,,Molveno,38018,RISTORANTE PIZZERIA AL CAMINETTO,400,"['RISTORANTE', 'PIZZERIA']"
,15,Via Lungolago,,Molveno,38018,RISTORANTE HOTEL GLORIA,401,"['RISTORANTE', 'HOTEL']"
,6,Via Cesare Battisti,,Molveno,38018,RISTORANTE ALBERGO STELLA ALPINA,402,"['RISTORANTE', 'ALBERGO']"
,3,Piazza S. Carlo,,Molveno,38018,CENTRO FOTO OTTICA,403,[]
,,,Pradel,Molveno,38018,RISTORANTE ALBERGO DEL BRENTA,404,"['RISTORANTE', 'ALBERGO']"
,,,Pradel,Molveno,38018,RISTORANTE ALBERGO PRADEL,405,"['RISTORANTE', 'ALBERGO']"
, 11/A,Piazza San Carlo,,Molveno,38018,ANGOLO MODA,406,[]
esercizio commerciale,25,Via Galilei,,Trento,38122,CRONST,407,[]
esercizio commerciale,15,Piazza C. Battisti,,Cavalese,38033,PONTRELLI DI CARLA ZANCANELLA,408,[]
esercizio commerciale,6,Via IX Novembre,,Cavalese,38033,RAFFAELLA,409,[]
,6,Piazza Dante,,Cavalese,38033,CAPPELLERIA BETTA,410,[]
,14,Piazza Libertà,Gardolo,Trento,38121,BAZAR MOSER,411,['BAZAR']
,7,,Ghiaie,Canal San Bovo,38050,MACELLERIA MINIMARKET HIGHLANDER,412,['MACELLERIA']
,111,,Sperandi,Canal San Bovo,38050,BAR RISTORANTE ALBERGO AL PIN,413,"['BAR', 'RISTORANTE', 'ALBERGO']"
,148,Via Fosse,,Canal San Bovo,38050,OSTERIA ALLE FOSSE,414,[]
,12,,Lausen,Canal San Bovo,38050,RISTORANTE ALBERGO LAGORAI,415,"['RISTORANTE', 'ALBERGO']"
,56,,Zortea,Canal San Bovo,38050,RISTORANTE ALBERGO SERENELLA,416,"['RISTORANTE', 'ALBERGO']"
,141,,Fosse,Canal San Bovo,38050,CENTRO SPESA CORONA,417,[]
, 57/B,Via Zortea,,Canal San Bovo,38050,FAMIGLIA COOPERATIVA ZORTEA,418,[]
,17,Via Roma,,Canal San Bovo,38050,FAMIGLIA COOPERATIVA CANAL SAN BOVO,419,[]
,8,,Caseri,Canal San Bovo,38050,FAMIGLIA COOPERATIVA CAORIA,420,[]
,,Piazza G. Marconi Loc. Prade,,Canal San Bovo,38050,FAMIGLIA COOPERATIVA PRADE,421,[]
,28,Via Marconi,Ponte Arche,Comano Terme,38077,FERRAMENTA FEDRIZZI,422,['FERRAMENTA']
,3,Largo Dordi,,Borgo Valsugana,38051,CAFFE’ ROMA,423,[]
,18,Via IV Novembre,,Tesero,38038,BAR RISTORANTE ALBERGO AL CERVO,424,"['BAR', 'RISTORANTE', 'ALBERGO']"
,32,Via IV Novembre,,Tesero,38038,BAR ANCORA,425,['BAR']
,78,Via Roma,,Tesero,38038,CARTOLIBRERIA DEFLORIAN,426,[]
,1,,Stava,Tesero,38038,RISTORANTE HOTEL ERICA,427,"['RISTORANTE', 'HOTEL']"
, 21/B,Via IV Novembre,,Tesero,38038,CALZATURE ZENI SPORT,428,"['CALZATURE', 'SPORT']"
,88,Via Roma,,Tesero,38038,VALENTINO SCARPE,429,[]
, 5/B,Piazza Nuova,,Tesero,38038,EUFORIA INTIMO,430,[]
,29,Via Roma,,Tesero,38038,BAR STELLA,431,['BAR']
,29,Via Roma,,Tesero,38038,CANAL KATIA TABACCHERIA,432,[]
,2,Via Socce,,Tesero,38038,ELETTROSOC DI GILMOZZI ERNESTO,433,[]
,24,Via Roma,,Tesero,38038,MOBILIFICIO SILVIO DELLADIO,434,[]
,6,Via Cavada,,Tesero,38038,FAMIGLIA COOPERATIVA,435,[]
,28,Piazza General Cantore,,Trento,38121,BAR PASTICCERIA MAZZOLENI,436,['BAR']
,5,Via F.lli Bronzetti,,Cavalese,38069,PROFUMERIA BOSCHETTO,437,[]
,1,Piaza del Malgher,Pozza di Fassa,San Giovanni di Fassa-Sèn Jan,38036,L. MALGHER,438,[]
,78,Strada de Meida,Pozza di Fassa,San Giovanni di Fassa-Sèn Jan,38036,LINO SPORT,439,['SPORT']
,6,Piaza de Salin,Pozza di Fassa,San Giovanni di Fassa-Sèn Jan,38036,RISTORANTE ALBERGO RIZZI,440,"['RISTORANTE', 'ALBERGO']"
,121,Strada Dolomites,Pozza di Fassa,San Giovanni di Fassa-Sèn Jan,38036,ELETTROGAS PEDERIVA,441,[]
,4,Piaza Deodat de Dolomieu,Pozza di Fassa,San Giovanni di Fassa-Sèn Jan,38036,PANIFICIO EL PEK,442,['PANIFICIO']
,11,Piaza de Comun,Pozza di Fassa,San Giovanni di Fassa-Sèn Jan,38036,FAMIGLIA COOPERATIVA POZZA DI FASSA,443,[]
,1,Strada de Meida,Pozza di Fassa,San Giovanni di Fassa-Sèn Jan,38036,BAR AL PONTE,444,['BAR']
,5,Troi Giovanni Francesco Bernard,Pozza di Fassa,San Giovanni di Fassa-Sèn Jan,38036,PANIFICIO BERNARD,445,['PANIFICIO']
,20,Piazza Cioc,,Soraga,38030,PANIFICIO BONINSEGNA,446,['PANIFICIO']
,35,Strada de Pont,,Soraga,38030,BAR RISTORANTE HOTEL DE FRONZ,447,"['BAR', 'RISTORANTE', 'HOTEL']"
,6,Stradone de Fascia,,Soraga,38030,BAR RISTORANTE HOTEL AVISIO,448,"['BAR', 'RISTORANTE', 'HOTEL']"
,16,Stradone de Fascia,,Soraga,38030,FAMIGLIA COOPERATIVA SORAGA,449,[]
,20,Piazza Cioc,,Soraga,38030,SPORT BRUNEL,450,['SPORT']
,3,Stradone de Fascia,,Soraga,38030,TABACCHERIA GIULIANI,451,[]
,2,Strada de Palua,,Soraga,38030,BAR RISTORANTE HOTEL ROSALPINA,452,"['BAR', 'RISTORANTE', 'HOTEL']"
,5,Strada Rezia,Vigo di Fassa,San Giovanni di Fassa-Sèn Jan,38039,BAR RISTORANTE HOTEL ROSA,453,"['BAR', 'RISTORANTE', 'HOTEL']"
,3,Strada de la Piazedela,Vigo di Fassa,San Giovanni di Fassa-Sèn Jan,38039,TABACCHI E SOUVENIRS GHETTA FABRIZIO,454,['TABACCHI']
,26,Strada Roma,Vigo di Fassa,San Giovanni di Fassa-Sèn Jan,38039,FOTO SPORT LADIN,455,['SPORT']
,17,Strada Roma,Vigo di Fassa,San Giovanni di Fassa-Sèn Jan,38039,OREFICERIA OROLOGERIA POLLAM,456,[]
,28,Strada Rezia,Vigo di Fassa,San Giovanni di Fassa-Sèn Jan,38039,BAR BIANCO,457,['BAR']
,9,Strada Daniel Zen,Vigo di Fassa,San Giovanni di Fassa-Sèn Jan,38039,MACELLERIA F.LLI PELLEGRIN,458,['MACELLERIA']
,10,Strada di Molins,Vigo di Fassa,San Giovanni di Fassa-Sèn Jan,38039,BAR HOTEL MIRAMONTI,459,"['BAR', 'HOTEL']"
,4,Strada Dolomites,Vigo di Fassa,San Giovanni di Fassa-Sèn Jan,38039,BAR RISTORANTE ACTIVE HOTEL OLYMPIC,460,"['BAR', 'RISTORANTE', 'HOTEL']"
,9,Strada Dolomites,Vigo di Fassa,San Giovanni di Fassa-Sèn Jan,38039,BAR RISTORANTE HOTEL DOLOMITI,461,"['BAR', 'RISTORANTE', 'HOTEL']"
,11,Strada Rezia,Vigo di Fassa,San Giovanni di Fassa-Sèn Jan,38039,TONY SPORT,462,['SPORT']
,9,Strada de la Piazedela,Vigo di Fassa,San Giovanni di Fassa-Sèn Jan,38039,BAR LADIN,463,['BAR']
,36,Strada de Valongia,Vigo di Fassa,San Giovanni di Fassa-Sèn Jan,38039,BAR RISTORANTE HOTEL FONTANA,464,"['BAR', 'RISTORANTE', 'HOTEL']"
,22,Strada Rezia,Vigo di Fassa,San Giovanni di Fassa-Sèn Jan,38039,DA FLORA,465,[]
,48,Via Roma,Vigo di Fassa,San Giovanni di Fassa-Sèn Jan,38039,LA BOTEIGA,466,[]
,3,Strada Murada,Vigo di Fassa,San Giovanni di Fassa-Sèn Jan,38039,BAR ALBERGO BELVEDERE,467,"['BAR', 'ALBERGO']"
,27,Strada de Solar,Vigo di Fassa,San Giovanni di Fassa-Sèn Jan,38039,BAR RISTORANTE HOTEL RENATO,468,"['BAR', 'RISTORANTE', 'HOTEL']"
,26,Strada Rezia,Vigo di Fassa,San Giovanni di Fassa-Sèn Jan,38039,PANIFICIO EL PECH,469,['PANIFICIO']
,30,Strada Rezia,Vigo di Fassa,San Giovanni di Fassa-Sèn Jan,38039,FAMIGLIA COOPERATIVA VIGO DI FASSA,470,[]
,25,Strada Roma,Vigo di Fassa,San Giovanni di Fassa-Sèn Jan,38039,ELECTRO POLLAM,471,[]
,29,Strada Rezia,Vigo di Fassa,San Giovanni di Fassa-Sèn Jan,38039,BAR RISTORANTE HOTEL VAEL,472,"['BAR', 'RISTORANTE', 'HOTEL']"
,2,Jouf de Ciareja,Vigo di Fassa,San Giovanni di Fassa-Sèn Jan,38039,RISTORANTE HOTEL SAVOY,473,"['RISTORANTE', 'HOTEL']"
,3,,Vigo di Fassa / Passo Costalunga,San Giovanni di Fassa-Sèn Jan,38039,SPORT LUCY,474,['SPORT']
,9,Strada de Pilat,Vigo di Fassa,San Giovanni di Fassa-Sèn Jan,38039,LORENZ EMILIO BIBITE,475,[]
,3,Strada Murada,Vigo di Fassa,San Giovanni di Fassa-Sèn Jan,38039,RISTORANTE BAR ALPEN HOTEL CORONA,476,"['BAR', 'RISTORANTE', 'HOTEL']"
,103,Via Costa,,Canazei,38032,BAR RISTORANTE ALBERGO ALPINO AL CAVALLETTO,477,"['BAR', 'RISTORANTE', 'ALBERGO']"
,99,Via Costa,Alba di Canazei,Canazei,38032,RISTORANTE HOTEL ALBA,478,"['RISTORANTE', 'HOTEL']"
,25,Via Roma,,Canazei,38032,BAR RISTORANTE HOTEL BERNARD,479,"['BAR', 'RISTORANTE', 'HOTEL']"
,18,Strada del Faure,,Canazei,38032,BAR RISTORANTE HOTEL ALLA ROSA,480,"['BAR', 'RISTORANTE', 'HOTEL']"
,25,Via Costa,,Canazei,38032,PANIFICIO BONINSEGNA,481,['PANIFICIO']
,23,Streda de Sella,,Canazei,38032,RIFUGIO ESCURSIONISTICO VALENTINI,482,[]
,44,Strada Pian Trevisan,,Canazei,38032,BAR RISTORANTE RIFUGIO VILLETTA MARIA,483,"['BAR', 'RISTORANTE']"
,18,Via Roma,,Canazei,38032,VALERUZ SPORT,484,['SPORT']
,81,Via Dolomiti,,Canazei,38032,CALZATURE ROSSI,485,['CALZATURE']
,132,Strada del Pordoi,,Canazei,38032,BAR RISTORANTE HOTEL COL DI LANA,486,"['BAR', 'RISTORANTE', 'HOTEL']"
,213,Streda de Costa,,Canazei,38032,BAR RISTORANTE ALBERGO MIRAMONTI,487,"['BAR', 'RISTORANTE', 'ALBERGO']"
,76,Strada del Pordoi,,Canazei,38032,RISTORANTE HOTEL PORDOI,488,"['RISTORANTE', 'HOTEL']"
,80,Via Dolomites,,Canazei,38032,RISTORANTE HOTEL DOLOMITI,489,"['RISTORANTE', 'HOTEL']"
,193,Streda Dolomites,,Canazei,38032,BAR GARNÌ INTERNATIONAL,490,['BAR']
,21,Piazza G. Marconi,,Canazei,38032,PROFUMERIA COSTA,491,[]
,6,Streda do Ruf de Antermont,,Canazei,38032,BAR GARNÌ STELLA ALPINA,492,['BAR']
,3,Via Streda Roma,,Canazei,38032,BAR RISTORANTE HOTEL CROCE BIANCA,493,"['BAR', 'RISTORANTE', 'HOTEL']"
,87,Streda Dolomites,,Campitello di Fassa,38032,BAR RISTORANTE HOTEL VILLA ROSA,494,"['BAR', 'RISTORANTE', 'HOTEL']"
,43,Streda de Morandin,,Campitello di Fassa,38032,RISTORANTE SPORT HOTEL ENROSADIRA,495,"['RISTORANTE', 'HOTEL', 'SPORT']"
,45,Streda Dolomites,,Campitello di Fassa,38032,BAR RISTORANTE HOTEL RODODENDRO,496,"['BAR', 'RISTORANTE', 'HOTEL']"
,,Piazza Centrale,,Campitello di Fassa,38032,BAR AGNELLO,497,['BAR']
,87,Streda Dolomites,,Campitello di Fassa,38032,FAMIGLIA COOPERATIVA CAMPITELLO DI FASSA,498,[]
,97,Via Mazzini Loc. Crosano,,Brentonico,38060,BAR RISTORANTE HOTEL MIRAMONTI,499,"['BAR', 'RISTORANTE', 'HOTEL']"
,2,Via Garibaldi,,Brentonico,38060,BAR RISTORANTE ALBERGO NENI,500,"['BAR', 'RISTORANTE', 'ALBERGO']"
,16,Via Roma,,Brentonico,38060,BAR RISTORANTE ALBERGO ZENI,501,"['BAR', 'RISTORANTE', 'ALBERGO']"
,2,Via Borani Salvotti,San Giacomo,Brentonico,38060,RISTORANTE HOTEL S. GIACOMO,502,"['RISTORANTE', 'HOTEL']"
,14,Via Roma,,Brentonico,38060,PANIFICIO TOGNI,503,['PANIFICIO']
,1,,Santa Caterina,Brentonico,38060,PIZZERIA LA PINETA,504,['PIZZERIA']
,25,Piazza Generale Dalla Chiesa,,Brentonico,38060,SAV FORMAGGI,505,[]
,22,Via Roma,,Brentonico,38060,TABACCHERIA RIGO,506,[]
,19/a,Via Fabio Filzi,,Brentonico,38060,PASSERINI CALZATURE,507,['CALZATURE']
,5,Via Roma,,Brentonico,38060,ALIMENTARI ANDREOLLI,508,['ALIMENTARI']
,1,Via Clemente,Castione,Brentonico,38060,ALIMENTARI CANALI,509,['ALIMENTARI']
,49,Via Roma,,Brentonico,38060,BAR COMMERCIO,510,['BAR']
,3,Via Roberti,,Brentonico,38060,FAMIGLIA COOPERATIVA BRENTONICO,511,[]
,1,Via Mazzini,Crosano,Brentonico,38060,FAMIGLIA COOPERATIVA CROSANO,512,[]
,47,Via 3 Novembre,Cornè,Brentonico,38060,FAMIGLIA COOPERATIVA CORNÈ,513,[]
,,Via Prof. Vanzetta,,Ziano di Fiemme,38030,BAR IL BUNKER,514,['BAR']
,28,Via Alpini,,Villa Lagarina,38060,RISTORANTE HOTEL AL PONTE,515,"['RISTORANTE', 'HOTEL']"
,1,,Lago di Cei,Villa Lagarina,38060,BAR RISTORANTE ALBERGO LAGO DI CEI,516,"['BAR', 'RISTORANTE', 'ALBERGO']"
,10,Via XXV Aprile,,Villa Lagarina,38060,BAR ROMA,517,['BAR']
,28,Via XXV Aprile,,Villa Lagarina,38060,FARMACIA DE PROBIZER,518,['FARMACIA']
,64,Via del Torchio,,Villa Lagarina,38060,FAMIGLIA COOPERATIVA DI CASTELLANO,519,[]
,,Via Sant’Antonio,,Villa Lagarina,38060,FAMIGLIA COOPERATIVA DI PEDERSANO,520,[]
,50,Via XXV Aprile,,Villa Lagarina,38060,FAMIGLIA COOPERATIVA VILLA LAGARINA,521,[]
,4,Via Brigata Abruzzi,,Pieve Tesino,38050,TESINO MARKET,522,[]
,4,Piazza Garibaldi,,Pieve Tesino,38050,BAR CENTRALE,523,['BAR']
,2,Piazza Garibaldi,,Pieve Tesino,38050,PUNTO ROSSO ALIMENTARI,524,['ALIMENTARI']
,,,Madonna della Neve / Valdomenegal,Avio,38063,BAR RISTORANTE ALBERGO ALPINO,525,"['BAR', 'RISTORANTE', 'ALBERGO']"
,13,Viale Alcide De Gasperi,,Avio,38063,BAR NUOVO,526,['BAR']
,25,Via Vignola,,Avio,38063,CASEIFICIO SOCIALE SABBIONARA,527,[]
,17,Piazza Conciliazione,,Avio,38063,RIVENDITA FUMANELLI GEDEONE,528,[]
,18,Via Regina Elena,,Avio,38063,PANIFICIO SEGA DIEGO,529,['PANIFICIO']
,5,Piazza Roma,,Avio,38063,FAMIGLIA COOPERATIVA AVIO,530,[]
,75,Via Venezia,,Avio,38063,BAR SPORT,531,"['BAR', 'SPORT']"
,41,Via General Cantore,,Avio,38063,BAR TRATTORIA ALLA STAZIONE,532,['BAR']
,12,Via Regina Elena,,Avio,38063,CADEN CARLO ABBIGLIAMENTO,533,[]
,5,Via Teatro,,Avio,38063,CADEN TENDAGGI,534,[]
,28,Via S. Antonio,,Avio,38063,CONFEZIONI DA IDA,535,[]
,,,Borghetto,Avio,38063,BAR RISTORANTE ALBERGO MONTE BALDO,536,"['BAR', 'RISTORANTE', 'ALBERGO']"
,,,Madonna della Neve / Valdomenegal,Avio,38063,RIFUGIO ESCURSIONISTICO MONTE BALDO,537,[]
,4,Piazza Roma,,Avio,38063,FARMACIA COOPERATIVA,538,['FARMACIA']
,82,Viale Alcide De Gasperi,,Avio,38063,FALEGNAMERIA MABBONI,539,[]
,27,Via F.lli Bronzetti,,Cavalese,38033,DELIZIE WELPONER,540,[]
,42,Viale Dante,,Tione di Trento,38079,FARMACIA BONI,541,['FARMACIA']
,10,Via Al Ponte,,Isera,38060,PANIFICIO MODERNO,542,['PANIFICIO']
,10,Piazza San Vincenzo,,Isera,38060,FAMIGLIA COOPERATIVA DI ISERA,543,[]
,30,Via Roma,Tonadico,Primiero San Martino di Castrozza,38054,RISTORANTE BAR HOTEL TRESSANE,544,"['BAR', 'RISTORANTE', 'HOTEL']"
,26,Via Roma,Tonadico,Primiero San Martino di Castrozza,38054,RISTORANTE PARK HOTEL IRIS,545,"['RISTORANTE', 'HOTEL']"
,8,Via Roma,Tonadico,Primiero San Martino di Castrozza,38054,RISTORANTE HOTEL PRIMIERO,546,"['RISTORANTE', 'HOTEL']"
,2,Via Roma,Tonadico,Primiero San Martino di Castrozza,38054,IL NEGOZIO DEL PANE,547,[]
,2,Via Roma,Tonadico,Primiero San Martino di Castrozza,38054,PANIFICIO CENTRALE DI PRIMIERO,548,['PANIFICIO']
,5,Via Sorelle Lucian,Tonadico,Primiero San Martino di Castrozza,38054,BAR ALBERGO TRE PONTI,549,"['BAR', 'ALBERGO']"
,8,Via Roma,Tonadico,Primiero San Martino di Castrozza,38054,RISTORANTE BAR LANTERNA VERDE,550,"['BAR', 'RISTORANTE']"
,43,Via Scopoli,Tonadico,Primiero San Martino di Castrozza,38054,EDICOLA BAZAR TABACCHI,551,"['TABACCHI', 'BAZAR']"
,37,Via Scopoli,Tonadico,Primiero San Martino di Castrozza,38054,BAR CENTRALE,552,['BAR']
,2,Via Card. Bernardin,Tonadico,Primiero San Martino di Castrozza,38054,NON SOLO PANE,553,[]
,40,Via Scopoli,Tonadico,Primiero San Martino di Castrozza,38054,FAMIGLIA COOPERATIVA DI TONADICO,554,[]
,3,Piazza San Giorgio,,Castello Tesino,38053,OREFICERIA OROLOGERIA MULLER,555,[]
,12/A,Via Dante,,Castello Tesino,38053,FARMACIA RIGONI,556,['FARMACIA']
,8,Piazza San Giorgio,,Castello Tesino,38053,BAR PIZZERIA CROSARA,557,"['BAR', 'PIZZERIA']"
,5,Piazza San Giorgio,,Castello Tesino,38053,BAR ROMA,558,['BAR']
,13/A,Via Donato Pelloso,,Castello Tesino,38053,FAMIGLIA COOPERATIVA DI CASTELLO TESINO,559,[]
,18,Via Venezia,,Castello Tesino,38053,BAR ORATORIO,560,['BAR']
,2,,Passo Brocon,Castello Tesino,38053,RISTORANTE BAR ALBERGO PASSO BROCON “DA S’CIOPO”,561,"['BAR', 'RISTORANTE', 'ALBERGO']"
,1,Piazza Trento,,Castello Tesino,38053,FIORI E VERDURA,562,[]
,3,Piazza Trento,,Castello Tesino,38053,EMPORIO DIEGO ZOTTA,563,[]
,2,,Molini,Castello Tesino,38053,BAR AL PONTE,564,['BAR']
,4,Via Baili,,Castello Tesino,38053,MACELLERIA BOSO,565,['MACELLERIA']
,17,Via Roma,,Castello Tesino,38053,BAR RISTORANTE ALBERGO BELLAVISTA,566,"['BAR', 'RISTORANTE', 'ALBERGO']"
,1,Piazza Marconi,,Castello Tesino,38053,ABBIGLIAMENTO BAILO,567,[]
,5,Piazza Marconi,,Castello Tesino,38053,ALIMENTARI DA CELESTINO,568,['ALIMENTARI']
,7,Via Terrasanta,,Castello Tesino,38053,ALIMENTARI MORANDUZZO,569,['ALIMENTARI']
,4,Piazza Marconi,,Castello Tesino,38053,CAFFÈ MARCONI,570,[]
,3,Piazza Marconi,,Castello Tesino,38053,TABACCHI ZAMPIERO,571,['TABACCHI']
,28,Piazza Righi,Madonna di Campiglio,Pinzolo,38086,CHALET FERRARI,572,[]
,30,Piazza Righi,Madonna di Campiglio,Pinzolo,38086,CHALET FERRARI REGALO,573,[]
,78,Via Rosmini,,Trento,38122,ZANELLA ARREDAMENTI,574,[]
,7/B,Via Dante,,Levico Terme,38065,ALIMENTARI RICCIO STEFANIA,575,['ALIMENTARI']
,38,Corso Centrale,,Levico Terme,38065,ETA BETA DI GRISENTI GIORGIA,576,[]
,16,Via Dante,,Levico Terme,38065,FERRAMENTA CASALINGHI ROSA,577,['FERRAMENTA']
,2,Via Marchi,,Ronchi Valsugana,38050,FAMIGLIA COOPERATIVA LAGORAI,578,[]
,20,Viale Venezia,,Castelnuovo,38050,SIMONETTO CARNI,579,[]
,37,,Sén Pelegrin,Moena,38035,BAR RISTORANTE HOTEL COSTABELLA,580,"['BAR', 'RISTORANTE', 'HOTEL']"
,,Strada E. Zanoner Canori,,Moena,38035,MACELLERIA FELICETTI,581,['MACELLERIA']
,14,Strenta de Ischiacia,,Moena,38035,ELETTRODOMESTICI DE PELLEGRINI,582,[]
,11,Strada de la Comunità de Fiem,,Moena,38035,SEGHERIA ZANONER,583,[]
,3,Via 3 Novembre,,Pomarolo,38060,MACELLERIA FASANELLI,584,['MACELLERIA']
esercizio commerciale,27,Via Vittorio Emanuele,,Grigno,38055,MINATI ROBERTA,585,[]
,6,Via Nuova,,Ledro,38067,BAR RISTORANTE ALBERGO SILVANA,586,"['BAR', 'RISTORANTE', 'ALBERGO']"
,9,Piazza Sanzio,,Trento,38122,EDICOLA TABACCHI SANNICOLÒ GABRIELE,587,['TABACCHI']
,40,Corso Ausugum,,Borgo Valsugana,38051,FARMACIA CENTRALE,588,['FARMACIA']
,20,Via Padri Morizzo,,Borgo Valsugana,38051,SIMONETTO CARNI,589,[]
,12,Piazza Battisti,,Cavalese,38033,FAMIGLIA COOPERATIVA DI CAVALESE,590,[]
,54,Corso Bettini,,Rovereto,38068,DAMIATA MOTO,591,[]
attività artigianale,39,Via Ragazzi del '99,,Trento,38123,NEON TRENTO SCOTUZZI,592,[]
,13,Via Maffei,,Riva del Garda,38066,CASA DEL CAFFÈ,593,[]
,5,Piazza di Sant'A. Abate,Vezzano,Vallelaghi,38070,RISTORANTE PIZZERIA LILLÀ,594,"['RISTORANTE', 'PIZZERIA']"
,32,,Francolini,Folgaria,38064,BAR HOTEL SEGGIOVIA,595,"['BAR', 'HOTEL']"
,13,Via Schirni,,Folgaria,38064,PANIFICIO CANALIA,596,['PANIFICIO']
,191,Via E. Colpi,,Folgaria,38064,FOLGARIA FASHION SPORT,597,['SPORT']
,134,Via A. Maffei,,Folgaria,38064,BAR RISTORANTE HOTEL BIANCANEVE,598,"['BAR', 'RISTORANTE', 'HOTEL']"
,69,Via Nazionale,,Folgaria,38064,BAR RISTORANTE HOTEL ERICA,600,"['BAR', 'RISTORANTE', 'HOTEL']"
,48,Via E. Colpi,,Folgaria,38064,BAR RISTORANTE ANTICO ALBERGO STELLA D'ITALIA,601,"['BAR', 'RISTORANTE', 'ALBERGO']"
,63,Via Manzoni,,Folgaria,38064,BAR RISTORANTE ALBERGO TRENTINO,602,"['BAR', 'RISTORANTE', 'ALBERGO']"
,10,Via E. Colpi,,Folgaria,38064,CALZATURE FAIT,603,['CALZATURE']
,179,Via E. Colpi,,Folgaria,38064,FARMACIA GIRARDI,604,['FARMACIA']
,12,Via Dante Alighieri,,Folgaria,38064,BAR RISTORANTE PARK HOTEL MIRAMONTI,605,"['BAR', 'RISTORANTE', 'HOTEL']"
,41,Via Lega Nazionale,,Folgaria,38064,BAR RISTORANTE ALBERGO DUE SPADE,606,"['BAR', 'RISTORANTE', 'ALBERGO']"
,11,Piazza S. Lorenzo,,Folgaria,38064,MERCERIA RELLA,607,[]
,1,Piazza Oveno,Sopramonte,Trento,38123,SALUMERIA BELLI,609,[]
esercizio commerciale,58,,Ponte Arche,Comano Terme,38077,BONANI GIULIANA,610,[]
,4,Via Calepina,,Trento,38122,BAR FIORENTINA,611,['BAR']
esercizio commerciale,35,Via Nazionale,,Pellizzano,38020,AMBROSI SILVIO LUIGI,612,[]
,19,Piazza San Vittore,Taio,Predaia,38012,MACELLERIA MALENCH,613,['MACELLERIA']
,90,Via S. Martino,,Trento,38122,BAR DEI CAVAI,614,['BAR']
,14,Piazza C. Battisti,,Riva del Garda,38066,BRESCIANI SOUVENIR,615,[]
,13,Via Mazzini,,Riva del Garda,38066,PROFUMERIE BRESCIANI,616,[]
,31,Strada de Moene,,Moena,38035,BAR DELL'HOTEL RANCOLIN,617,"['BAR', 'HOTEL']"
,34,Strada de la Comunità de Fiem,,Moena,38035,MOBILIFICIO ARTIGIANI ASSOCIATI,618,[]
,27,Piaz de Ramon,,Moena,38035,BAR GABRY,619,['BAR']
,41,Piaz de Ramon ,,Moena,38035,BAR RAMON,620,['BAR']
,1,Strenta de Ischiacia,,Moena,38035,ENOTECA DEL PINTER,621,[]
,41,Piaz de Ramon,,Moena,38035,GIOIELLERIA CROCE,622,[]
,67,Strada de Moene ,,Moena,38035,BAR DELL'HOTEL ALLE ALPI,623,"['BAR', 'HOTEL']"
,45,Piaz de Ramon,,Moena,38035,LA BORA,624,[]
,3,Strada de Fachin,,Moena,38035,NONSOLOMODA,625,[]
,29,Via Fiume,,Riva del Garda,38066,PELLETTERIA GRAZIA S.A.S.,626,[]
,,Viale IV Novembre 35,Cembra,Cembra Lisignago,38034,MACELLERIA ZANOTELLI,627,['MACELLERIA']
,,Via Damiano Chiesa  6,Cembra,Cembra Lisignago,38034,PANIFICIO GAIGHER,628,['PANIFICIO']
,82,Viale IV Novembre 35,Cembra,Cembra Lisignago,38034,FERRAMENTA PIU',629,['FERRAMENTA']
,78,Viale IV Novembre 35,Cembra,Cembra Lisignago,38034,IDEA CASA,630,[]
,2,Piazza San Rocco,Cembra,Cembra Lisignago,38034,MACELLERIA PAOLAZZI,631,['MACELLERIA']
,6,Piazza Marconi,Cembra,Cembra Lisignago,38034,BAR VICO,632,['BAR']
,,Viale IV Novembre 17,Cembra,Cembra Lisignago,38034,BAR ROSALPINA,633,['BAR']
,2,Piazza Municipio ,,Caldonazzo,38052,ALBERGO RISTORANTE BAR DUE SPADE,634,"['BAR', 'RISTORANTE', 'ALBERGO']"
,37,Via delle Villa,,Caldonazzo,38052,ALBERGO RISTORANTE BAR ALLA TORRE,635,"['BAR', 'RISTORANTE', 'ALBERGO']"
,14,Piazza Municipio,,Caldonazzo,38052,CASALINGHI FERRAMENTA MURARA,636,['FERRAMENTA']
,9,Via Brenta,,Caldonazzo,38052,MOBILI CIOLA,637,[]
,1,Via G. Marconi,,Luserna,38040,BAR RISTORNATE ROSSI,638,['BAR']
,26,Via Asilo,Siror,Primiero San Martino di Castrozza,38054,MACELLERIA BONELLI,639,['MACELLERIA']
,11,Via Larga,Siror,Primiero San Martino di Castrozza,38054,PANIFICIO PASTICCERIA ZANETEL ARRIGO,640,['PANIFICIO']
,13,Via Larga ,Siror,Primiero San Martino di Castrozza,38054,BAR HOTEL SIROR,641,"['BAR', 'HOTEL']"
,76,Via Passo Rolle,San Martino di Castrozza,Primiero San Martino di Castrozza,38054,CAFFE' CENTRALE DI GIAN LUIGI SECCO E C.,642,[]
,74,Via Passo Rolle,San Martino di Castrozza,Primiero San Martino di Castrozza,38054,RISTORANTE ALBERGO CENTRALE,643,"['RISTORANTE', 'ALBERGO']"
,185,Via Passo Rolle,San Martino di Castrozza,Primiero San Martino di Castrozza,38054,BAZAR DELL'ALPE,644,['BAZAR']
,4,Via Laghetto,San Martino di Castrozza,Primiero San Martino di Castrozza,38054,BANCHER S.A.S. DI TISOT ADELIA E C.,645,[]
,8,Via Strada Nuova ,,Folgaria,38064,ALBERGO BAR RISTORANTE ROSALPINA DI CANALIA GABRIELE,646,"['BAR', 'RISTORANTE', 'ALBERGO']"
,52,Via A. Maffei,Costa,Folgaria,38064,ALBERGO BAR RISTORANTE SAYONARA DI RECH WILLIAM,647,"['BAR', 'RISTORANTE', 'ALBERGO']"
,33/1,Via Cesare Battisti,Cembra,Cembra Lisignago,38034,NIC S.A.S. DI NICOLODI MARTINO,648,[]
,3,Piazza Marconi,Cembra,Cembra Lisignago,38034,FAMIGLIA COOPERATIVA DI CEMBRA,649,[]
,8,Piazza Marconi,Cembra,Cembra Lisignago,38034,TABACCHINO DI FADANELLI MAURA,650,['TABACCHI']
,51,Viale IV Novembre,Cembra,Cembra Lisignago,38034,BAR PIZZERIA SAINT ROCK,651,"['BAR', 'PIZZERIA']"
,16,Piazza San Giovanni,,Fondo,38013,BAZAR COVI,652,['BAZAR']
,1,Via IV Novembre,,Fondo,38013,CALZATURE SCHNEIDER,653,['CALZATURE']
,25,Via Battisti,,Fondo,38013,EUROPAFERR FERRAMENTA DI ZINI MAURO GIOVANNI,654,['FERRAMENTA']
,10,Via Battisti,,Fondo,38013,BATTISTI CALZATURE DI BATTISTI ALBERTO,655,['CALZATURE']
,2,Via Inama,,Fondo,38013,ZANONI PREZIOSI ,656,[]
,18,Via Lago Smeraldo,,Fondo,38013,PIZZERIA-RISTORANTE AL FOLON,657,"['RISTORANTE', 'PIZZERIA']"
,10,Via Milano ,,Bieno,38050,BAR RISTORANTE TRENTO,658,"['BAR', 'RISTORANTE']"
,36,Via Valserena ,Siror,Primiero San Martino di Castrozza,38054,BIRRERIA VALSERENA,659,[]
,5,Via S. Andrea,Siror,Primiero San Martino di Castrozza,38054,BAR CAFFE' ERO,660,['BAR']
,183,Via Passo Rolle,San Martino di Castrozza,Primiero San Martino di Castrozza,38054,BAR MARGHERITA,661,['BAR']
,133,Via Passo Rolle,San Martino di Castrozza,Primiero San Martino di Castrozza,38054,ESTETICA PROFUMERIA TISOT,662,[]
,23,Via Rivetta,Siror,Primiero San Martino di Castrozza,38054,CALZATURE BANCHER SEVERINO,663,['CALZATURE']
,2,Via Passo Rolle,San Martino di Castrozza,Primiero San Martino di Castrozza,38054,RISTORANTE ALBERGO FRATAZZA,664,"['RISTORANTE', 'ALBERGO']"
,4,Via S. Andrea,San Martino di Castrozza,Primiero San Martino di Castrozza,38054,FAMIGLIA COOPERATIVA DI SIROR,665,[]
,6,Via Avisio,,Castello-Molina di Fiemme,38030,BAR ALLA TORRE,666,['BAR']
,16,Via Latemar,,Castello-Molina di Fiemme,38030,RISTORANTE ALBERGO LATEMAR S.N.C. DI BETTA MARISA E &.,667,"['RISTORANTE', 'ALBERGO']"
,22,Via Bolzano,Molina di Fiemme,Castello-Molina di Fiemme,38030,CAVADA DOLORES DI CAVADA UGO & C. S.N.C.,668,[]
,19,,Stramentizzo Nuovo,Castello-Molina di Fiemme,38030,BAR RISTORANTE PIZZERIA AL LAGO,669,"['BAR', 'RISTORANTE', 'PIZZERIA']"
,2,Via Cadino,Molina di Fiemme,Castello-Molina di Fiemme,38030,BAR RISTORANTE ALBERGO PINETA,670,"['BAR', 'RISTORANTE', 'ALBERGO']"
,4,Via Marconi,Molina di Fiemme,Castello-Molina di Fiemme,38030,RISTORANTE ALBERGO ANCORA DI ZANCANELLA PAOLO E LUCIA S.N.C.,671,"['RISTORANTE', 'ALBERGO']"
,17,Via Marconi,Molina di Fiemme,Castello-Molina di Fiemme,38030,PANIFICIO TARTER DI MARCO TARTER & C. S.N.C.,672,['PANIFICIO']
,23,Via Marconi,Molina di Fiemme,Castello-Molina di Fiemme,38030,FAMIGLIA COOPERATIVA DI CAVALESE - MOLINA DI FIEMME - PREDAIA,673,[]
,11,Via Roma,,Castello-Molina di Fiemme,38030,FAMIGLIA COOPERATIVA DI CAVALESE - CASTELLO DI FIEMME,674,[]
,37,Piazza San Giovanni,,Fondo,38013,CARTOLERIA GIOCATTOLI BERTOLDI,675,[]
,15,Piazza San giovanni,,Fondo,38013,LA BOTTEGA DI ZAMBIASI,676,[]
,70,Via IV Novembre,,Fondo,38013,LATTERIA SOCIALE DI FONDO,677,[]
,20,Via Battisti,,Fondo,38013,FAMIGLIA COOPERATIVA VAL DI NON,678,[]
,16,Via del Foro,,Tione di Trento,38079,CAFFE' VECCHIA TIONE,679,[]
,9,Via Roma,Casez,Sanzeno,38010,FAMIGLIA COOPERATIVA VAL DI NON S.C.A.R.L. - CASEZ,680,[]
,28,Via Nazionale,,Sanzeno,38010,FAMIGLIA COOPERATIVA VAL DI NON S.C.A.R.L. - SANZENO,681,[]
,2,Via Mazzini,Banco,Sanzeno,38010,FAMIGLIA COOPERATIVA VAL DI NON S.C.A.R.L. - BANCO,682,[]
,38/A,Piazza Centrale,,Sanzeno,38010,BAR ALLA FONTANA DI BALDO ONESTINGHEL OLGA & C.,683,['BAR']
,3,Via Mazzini,Banco,Sanzeno,38010,BAR MARINELLI,684,['BAR']
,48,,Banco,Sanzeno,38010,BAR DALPIAZ,685,['BAR']
,48,Via Roma,Casez,Sanzeno,38010,HOTEL CASEZ,686,['HOTEL']
,18,Via S. Romedio ,,Sanzeno,38010,RISTORANTE AL MULINO,687,['RISTORANTE']
,34,Via Roma,,Castello-Molina di Fiemme,38030,PANIFICIO ZORZI DI ZORZI EZIO & C. S.N.C.,688,['PANIFICIO']
,10,Via Italia,Molina di Fiemme,Castello-Molina di Fiemme,38030,BAR SPORT,689,"['BAR', 'SPORT']"
,5,Piazza Dante,,Fondo,38013,QUEN CONFEZIONI,690,[]
,10,Via Restel de Fer,,Riva del Garda,38066,RESTEL DE FER,691,[]
,43,Via Giovanelli A.,,Carano,38033,DELVAI MARKET S.N.C. DI DELVAI NICOLETTA E CARESIA DIEGO,692,[]
,40,Via Calepina,,Trento,38122,TUTTO LUCE SAS,693,[]
,48,Via S. Croce,,Trento,38122,BAR TRE PORTONI,694,['BAR']
,22,Via Roma,,Ospedaletto,38050,BAR ROMA,695,['BAR']
,44,Corso Tre Novembre,,Trento,38122,FIORERIA STELLA,696,[]
esercizio commerciale,55,Via Fiume,,Riva del Garda,38066,CONTINI,697,[]
,8,Via Battisti,,Pergine Valsugana,38057,A. CRIVELLARI – COSE DI CASA,698,[]
esercizio commerciale,33,Piazza Spiaz de le Oche,,Pergine Valsugana,38057,FRISANCO,699,[]
,1,Via Maturi,,Pinzolo,38086,ALIMENTARI CAOLA,700,['ALIMENTARI']
esercizio commerciale/attività artigianale,9,Via Lampi ,,Cles,38023,LA BOTTEGA DEL MOLETA,701,[]
 ,7,Piazza Navarrino,,Cles,38023,ALBERGO RISTORANTE CLES – OSTERIA PALAZAN,702,"['RISTORANTE', 'ALBERGO']"
,5,Piazza Granda,,Cles,38023,CAFF'E EUROPA,703,[]
,13,Via Pilati,,Cles,38023,FARMACIA DE MAFFEI ,704,['FARMACIA']
,43,Piazza Granda,,Cles,38023,CAFFÈ BERTOLASI,705,[]
,3,Piazza Granda,,Cles,38023,VISINTAINER CARTOLIBRERIA,706,[]
,1,Piazza Pez,,Cles,38023,ROSANI ALIMENTARI,707,['ALIMENTARI']
,38-44,Via Marconi,,Cles,38023,SEGHERIA LONGO,708,[]
,6/A,Via Diaz,,Cles,38023,ALIMENTARI PAOLI S.N.C.,709,['ALIMENTARI']
,26,Via Lampi ,,Cles,38023,MACELLERIA AGOSTINI LUIGI,710,['MACELLERIA']
esercizio commerciale,9,Via Pilati,,Cles,38023,MENAPACE IVO,711,[]
esercizio commerciale,40,Piazza Granda,,Cles,38023,VALENTINOTTI FRANCESCO,712,[]
esercizio commerciale,6,Piazza Municipio ,,Cles,38023,ANGELI FLAVIO,713,[]
,23,Piazza Granda,,Cles,38023,OREFICERIA A. CORRADINI,714,[]
esercizio commerciale,4,Piazza Municipio,,Cles,38023,ANGELI NICOLA,715,[]
,7,Piazza Municipio ,,Cles,38023,PREZIOSI STELLA,716,[]
,2,Via Lampi ,,Cles,38023,PESCHERIA GOIO,717,[]
,30,Piazza Granda,,Cles,38023,COLORIFICIO PIZ,718,[]
esercizio commerciale,51,Via Battisti,,Sarnonico,38011,ABRAM VITTORIO E C. SNC,719,[]
,2,Via IV Novembre,,Sarnonico,38011,BAZAR GIORNALI DI CATTARINI VINCENZO,720,['BAZAR']
,14,Via Trento,Stravino,Cavedine,38073,CALZATURE DALLAPÈ,721,['CALZATURE']
esercizio di somministrazione di alimenti e bevande,36,Via Santa Lucia,Bezzecca,Ledro,38067,BAITA SANTA LUCIA,722,[]
esercizio di somministrazione di alimenti e bevande,1,Via dei Laghi,,Tenno,38060,ANTICA CROCE,723,[]
esercizio commerciale,29,Via Postal,Grumo,S. Michele all’Adige,38010,MOBILI ZENI LINO S.R.L.,724,[]
,23,Via Tonale,Grumo,S. Michele all’Adige,38010,HOTEL CANTALEONE,725,['HOTEL']
,32,Via Brennero,,S. Michele all’Adige,38010,BAR AL TURISTA,726,['BAR']
,17,,Penia / Fedaia,Canazei,38032,BAR DIGA,727,['BAR']
pubblico esercizio – somministrazione di alimenti e bevande – pizzeria,,,Sega,Ala,38061,ALBERGO MONTILESSINI,728,"['ALBERGO', 'PIZZERIA']"
,1,Piazza G. Cantore,,Ala,38061,BAR EUGENIA,729,['BAR']
,5,Piazzetta Cantore,,Ala,38061,BAR TABACCHI DI BONGIOVANNI MAURO,730,"['BAR', 'TABACCHI']"
,,Via 27 Maggio,,Ala,38061,MACELLERIA DEBIASI SERGIO,731,['MACELLERIA']
pubblico esercizio – somministrazione di alimenti e bevande – bar/trattoria,4,Piazza Buonacquisto,,Ala,38061,VECCHIO CARNERA,732,['BAR']
,19,Via Cesare Battisti,,Comano Terme,38077,OREFICERIA CATTONI DI CATTONI CLAUDIO,733,[]
,17,Via Cesare Battisti,,Comano Terme,38077,CATTONI ELETTRONICA DI CATTONO ROBERTO,734,[]
ristorante – bar,55,,San Bernardo,Rabbi,38020,HOTEL MIRAMONTI,735,"['BAR', 'RISTORANTE', 'HOTEL']"
esercizio commerciale,4,Piazza SS. Filippo e Giacomo,,Predazzo,38037,LE LUZIE,736,[]
esercizio commerciale,21,Piazza Catena,,Riva del Garda,38066,MARCHETTI,737,[]
esercizio commerciale,9,Via 24 Maggio,Trento,Trento,38122,INDAL,738,[]
esercizio commerciale,17,Via dei Bagni di Fieno,,Garniga Terme,38060,ZANLUCCHI SOFIA & C. S.A.S.,739,[]
ristorante - bar,2,Stradon de Fascia ,,Soraga di Fassa,38030,RISTORANTE BAR JA VITO DI VENDER KATIA E C. S.N.C.,740,"['BAR', 'RISTORANTE']"
parrucchiera (impresa artigiana con vendita di prodotti),6/A,Via Cesare Battisti,,Tesero,38038,SALONE FUORI DI TESTA DI POZZA NADIA,741,[]
"esercizio commerciale/attività artigianale (pasticceria, gelateria)",34,Via Bolghera,,Trento,38122,FILIPPI E GARDUMI S.N.C. DI GARDUMI RENZO & C.,742,[]
pubblico esercizio – somministrazione di alimenti e bevande – locanda,22,Via Mazzini,Poia,Comano Terme,38077,ALBERGO LOCANDA FIORE DI SALIZZONI SILVIO E RITA S.N.C.,743,['ALBERGO']
